[{"model": "tasktracker.task", "pk": 1, "fields": {"title": "Finish Homework 2", "due_date": "2022-02-09", "status": "N"}}, {"model": "tasktracker.task", "pk": 2, "fields": {"title": "Write research paper", "due_date": "2022-01-27", "status": "C"}}, {"model": "tasktracker.task", "pk": 3, "fields": {"title": "Write NSF research grant", "due_date": "2022-01-27", "status": "I"}}, {"model": "tasktracker.task", "pk": 4, "fields": {"title": "Setup meeting with collaborators", "due_date": "2022-01-20", "status": "N"}}]